﻿{"cameraMode":{"drawMode":0,"name":"Shaded","section":"Shading Mode"},"sceneLighting":false,"audioPlay":false,"sceneViewState":{"showFog":true,"showMaterialUpdate":false,"showSkybox":false,"showFlares":true,"showImageEffects":true,"showParticleSystems":true,"showVisualEffectGraphs":true,"m_FxEnabled":true},"in2DMode":false,"pivot":{"x":4.57373571395874,"y":0.02889898791909218,"z":18.984481811523439},"rotation":{"x":-0.7024081349372864,"y":-0.0059806485660374168,"z":0.005902403499931097,"w":-0.7117258310317993},"size":0.279296875,"orthographic":true}