﻿{"cameraMode":{"drawMode":0,"name":"Shaded","section":"Shading Mode"},"sceneLighting":true,"audioPlay":false,"sceneViewState":{"showFog":true,"showMaterialUpdate":false,"showSkybox":true,"showFlares":true,"showImageEffects":true,"showParticleSystems":true,"showVisualEffectGraphs":true,"m_FxEnabled":true},"in2DMode":false,"pivot":{"x":-9.474691390991211,"y":-2.4789023399353029,"z":5.479767799377441},"rotation":{"x":-0.16843195259571076,"y":0.45130491256713869,"z":-0.08717381209135056,"w":-0.8719843029975891},"size":10.056968688964844,"orthographic":false}