﻿{"cameraMode":{"drawMode":0,"name":"Shaded","section":"Shading Mode"},"sceneLighting":true,"audioPlay":false,"sceneViewState":{"showFog":true,"showMaterialUpdate":false,"showSkybox":true,"showFlares":true,"showImageEffects":true,"showParticleSystems":true},"in2DMode":false,"pivot":{"x":25.973859786987306,"y":-691.03564453125,"z":714.0049438476563},"rotation":{"x":-0.3763067126274109,"y":-0.0159625057131052,"z":0.006999937817454338,"w":-0.9265103936195374},"size":503.3897705078125,"orthographic":false}