﻿{"cameraMode":{"drawMode":0,"name":"Shaded","section":"Shading Mode"},"sceneLighting":true,"audioPlay":false,"sceneViewState":{"showFog":true,"showMaterialUpdate":false,"showSkybox":false,"showFlares":true,"showImageEffects":true,"showParticleSystems":true,"showVisualEffectGraphs":true,"m_FxEnabled":true},"in2DMode":false,"pivot":{"x":3.0,"y":4.0,"z":19.0},"rotation":{"x":-0.25306016206741335,"y":0.45299190282821658,"z":-0.13582442700862885,"w":-0.8439858555793762},"size":12.12435531616211,"orthographic":false}