﻿{"cameraMode":{"drawMode":0,"name":"Shaded","section":"Shading Mode"},"sceneLighting":false,"audioPlay":false,"sceneViewState":{"showFog":true,"showMaterialUpdate":false,"showSkybox":false,"showFlares":true,"showImageEffects":true,"showParticleSystems":true,"showVisualEffectGraphs":true,"m_FxEnabled":true},"in2DMode":false,"pivot":{"x":3.2699999809265138,"y":0.01024194061756134,"z":18.851621627807618},"rotation":{"x":-0.7024081349372864,"y":-0.0059806485660374168,"z":0.005902403499931097,"w":-0.7117258310317993},"size":0.3106393814086914,"orthographic":true}