﻿{"cameraMode":{"drawMode":0,"name":"Shaded","section":"Shading Mode"},"sceneLighting":false,"audioPlay":false,"sceneViewState":{"showFog":true,"showMaterialUpdate":false,"showSkybox":true,"showFlares":true,"showImageEffects":true,"showParticleSystems":true,"showVisualEffectGraphs":true,"m_FxEnabled":true},"in2DMode":false,"pivot":{"x":6.168191909790039,"y":0.9394240379333496,"z":6.420670986175537},"rotation":{"x":0.17436648905277253,"y":-0.4563678503036499,"z":0.09170690923929215,"w":0.8677055835723877},"size":5.330779075622559,"orthographic":true}